{
  "languages": {
    "en": {
      "section-1": "This is a sample text for section 1.",
      "section-2": "Here is some example content for section 2.",
      "section-3": "And finally, sample text for section 3."
    },
    "ru": {
      "section-1": "Это пример текста для секции 1.",
      "section-2": "Здесь пример содержимого для секции 2.",
      "section-3": "И, наконец, пример текста для секции 3."
    }
  }
}
